,Name,Price,Location,Shadow size,Rarity,South_month,Time,Category
0,Bitterling,900,River,1,Common,"[5, 6, 7, 8, 9]","[0, 1, 2, 3, 4, 5, 6, 7, 8, 9, 10, 11, 12, 13, 14, 15, 16, 17, 18, 19, 20, 21, 22, 23]",Fish
1,Pale chub,200,River,1,Common,"[1, 2, 3, 4, 5, 6, 7, 8, 9, 10, 11, 12]","[9, 10, 11, 12, 13, 14, 15]",Fish
2,Crucian carp,160,River,2,Common,"[1, 2, 3, 4, 5, 6, 7, 8, 9, 10, 11, 12]","[0, 1, 2, 3, 4, 5, 6, 7, 8, 9, 10, 11, 12, 13, 14, 15, 16, 17, 18, 19, 20, 21, 22, 23]",Fish
3,Dace,240,River,3,Common,"[1, 2, 3, 4, 5, 6, 7, 8, 9, 10, 11, 12]","[16, 17, 18, 19, 20, 21, 22, 23, 0, 1, 2, 3, 4, 5, 6, 7, 8]",Fish
4,Carp,300,Pond,4,Common,"[1, 2, 3, 4, 5, 6, 7, 8, 9, 10, 11, 12]","[0, 1, 2, 3, 4, 5, 6, 7, 8, 9, 10, 11, 12, 13, 14, 15, 16, 17, 18, 19, 20, 21, 22, 23]",Fish
5,Koi,"4,000",Pond,4,Uncommon,"[1, 2, 3, 4, 5, 6, 7, 8, 9, 10, 11, 12]","[16, 17, 18, 19, 20, 21, 22, 23, 0, 1, 2, 3, 4, 5, 6, 7, 8]",Fish
6,Goldfish,"1,300",Pond,1,Common,"[1, 2, 3, 4, 5, 6, 7, 8, 9, 10, 11, 12]","[0, 1, 2, 3, 4, 5, 6, 7, 8, 9, 10, 11, 12, 13, 14, 15, 16, 17, 18, 19, 20, 21, 22, 23]",Fish
7,Pop-eyed goldfish,"1,300",Pond,1,Common,"[1, 2, 3, 4, 5, 6, 7, 8, 9, 10, 11, 12]","[9, 10, 11, 12, 13, 14, 15]",Fish
8,Ranchu goldfish,"4,500",Pond,2,Uncommon,"[1, 2, 3, 4, 5, 6, 7, 8, 9, 10, 11, 12]","[9, 10, 11, 12, 13, 14, 15]",Fish
9,Killifish,300,Pond,1,Common,"[10, 11, 12, 1, 2]","[0, 1, 2, 3, 4, 5, 6, 7, 8, 9, 10, 11, 12, 13, 14, 15, 16, 17, 18, 19, 20, 21, 22, 23]",Fish
10,Crawfish,200,Pond,2,Common,"[10, 11, 12, 1, 2, 3]","[0, 1, 2, 3, 4, 5, 6, 7, 8, 9, 10, 11, 12, 13, 14, 15, 16, 17, 18, 19, 20, 21, 22, 23]",Fish
11,Soft-shelled turtle,"3,750",River,4,Uncommon,"[2, 3]","[16, 17, 18, 19, 20, 21, 22, 23, 0, 1, 2, 3, 4, 5, 6, 7, 8]",Fish
12,Snapping turtle,"5,000",River,5,Common,"[10, 11, 12, 1, 2, 3, 4]","[21, 22, 23, 0, 1, 2, 3]",Fish
13,Tadpole,100,Pond,1,Common,"[9, 10, 11, 12, 1]","[0, 1, 2, 3, 4, 5, 6, 7, 8, 9, 10, 11, 12, 13, 14, 15, 16, 17, 18, 19, 20, 21, 22, 23]",Fish
14,Frog,120,Pond,2,Common,"[11, 12, 1, 2]","[0, 1, 2, 3, 4, 5, 6, 7, 8, 9, 10, 11, 12, 13, 14, 15, 16, 17, 18, 19, 20, 21, 22, 23]",Fish
15,Freshwater goby,400,River,2,Common,"[1, 2, 3, 4, 5, 6, 7, 8, 9, 10, 11, 12]","[16, 17, 18, 19, 20, 21, 22, 23, 0, 1, 2, 3, 4, 5, 6, 7, 8]",Fish
16,Loach,400,River,2,Common,"[9, 10, 11]","[0, 1, 2, 3, 4, 5, 6, 7, 8, 9, 10, 11, 12, 13, 14, 15, 16, 17, 18, 19, 20, 21, 22, 23]",Fish
17,Catfish,800,Pond,4,Common,"[11, 12, 1, 2, 3, 4]","[16, 17, 18, 19, 20, 21, 22, 23, 0, 1, 2, 3, 4, 5, 6, 7, 8]",Fish
18,Giant snakehead,"5,500",Pond,5,Rare,"[12, 1, 2]","[9, 10, 11, 12, 13, 14, 15]",Fish
19,Bluegill,180,River,2,Common,"[1, 2, 3, 4, 5, 6, 7, 8, 9, 10, 11, 12]","[9, 10, 11, 12, 13, 14, 15]",Fish
20,Yellow perch,300,River,3,Common,"[4, 5, 6, 7, 8, 9]","[0, 1, 2, 3, 4, 5, 6, 7, 8, 9, 10, 11, 12, 13, 14, 15, 16, 17, 18, 19, 20, 21, 22, 23]",Fish
21,Black bass,400,River,4,Common,"[1, 2, 3, 4, 5, 6, 7, 8, 9, 10, 11, 12]","[0, 1, 2, 3, 4, 5, 6, 7, 8, 9, 10, 11, 12, 13, 14, 15, 16, 17, 18, 19, 20, 21, 22, 23]",Fish
22,Tilapia,800,River,3,Common,"[12, 1, 2, 3, 4]","[0, 1, 2, 3, 4, 5, 6, 7, 8, 9, 10, 11, 12, 13, 14, 15, 16, 17, 18, 19, 20, 21, 22, 23]",Fish
23,Pike,"1,800",River,5,Uncommon,"[3, 4, 5, 6]","[0, 1, 2, 3, 4, 5, 6, 7, 8, 9, 10, 11, 12, 13, 14, 15, 16, 17, 18, 19, 20, 21, 22, 23]",Fish
24,Pond smelt,500,River,2,Common,"[6, 7, 8]","[0, 1, 2, 3, 4, 5, 6, 7, 8, 9, 10, 11, 12, 13, 14, 15, 16, 17, 18, 19, 20, 21, 22, 23]",Fish
25,Sweetfish,900,River,3,Common,"[1, 2, 3]","[0, 1, 2, 3, 4, 5, 6, 7, 8, 9, 10, 11, 12, 13, 14, 15, 16, 17, 18, 19, 20, 21, 22, 23]",Fish
26,Cherry salmon,"1,000",River (Clifftop),3,Common,"[3, 4, 5, 9, 10, 11, 12]","[16, 17, 18, 19, 20, 21, 22, 23, 0, 1, 2, 3, 4, 5, 6, 7, 8]",Fish
27,Char,"3,800",River (Clifftop) Pond,3,Uncommon,"[3, 4, 5, 9, 10, 11, 12]","[16, 17, 18, 19, 20, 21, 22, 23, 0, 1, 2, 3, 4, 5, 6, 7, 8]",Fish
28,Golden trout,"15,000",River (Clifftop),3,Ultra-rare,"[3, 4, 5, 9, 10, 11]","[16, 17, 18, 19, 20, 21, 22, 23, 0, 1, 2, 3, 4, 5, 6, 7, 8]",Fish
29,Stringfish,"15,000",River (Clifftop),5,Ultra-rare,"[6, 7, 8, 9]","[16, 17, 18, 19, 20, 21, 22, 23, 0, 1, 2, 3, 4, 5, 6, 7, 8]",Fish
30,Salmon,700,River (Mouth),4,Common,[3],"[0, 1, 2, 3, 4, 5, 6, 7, 8, 9, 10, 11, 12, 13, 14, 15, 16, 17, 18, 19, 20, 21, 22, 23]",Fish
31,King salmon,"1,800",River (Mouth),6,Uncommon,[3],"[0, 1, 2, 3, 4, 5, 6, 7, 8, 9, 10, 11, 12, 13, 14, 15, 16, 17, 18, 19, 20, 21, 22, 23]",Fish
32,Mitten crab,"2,000",River,2,Uncommon,"[3, 4, 5]","[16, 17, 18, 19, 20, 21, 22, 23, 0, 1, 2, 3, 4, 5, 6, 7, 8]",Fish
33,Guppy,"1,300",River,1,Common,"[10, 11, 12, 1, 2, 3, 4, 5]","[9, 10, 11, 12, 13, 14, 15]",Fish
34,Nibble fish,"1,500",River,1,Uncommon,"[11, 12, 1, 2, 3]","[9, 10, 11, 12, 13, 14, 15]",Fish
35,Angelfish,"3,000",River,2,Uncommon,"[11, 12, 1, 2, 3, 4]","[16, 17, 18, 19, 20, 21, 22, 23, 0, 1, 2, 3, 4, 5, 6, 7, 8]",Fish
36,Betta,"2,500",River,2,Uncommon,"[11, 12, 1, 2, 3, 4]","[9, 10, 11, 12, 13, 14, 15]",Fish
37,Neon tetra,500,River,1,Common,"[10, 11, 12, 1, 2, 3, 4, 5]","[9, 10, 11, 12, 13, 14, 15]",Fish
38,Rainbowfish,800,River,1,Common,"[11, 12, 1, 2, 3, 4]","[9, 10, 11, 12, 13, 14, 15]",Fish
39,Piranha,"2,500",River,2,Rare,"[12, 1, 2, 3]","[9, 10, 11, 12, 13, 14, 15, 21, 22, 23, 0, 1, 2, 3]",Fish
40,Arowana,"10,000",River,4,Rare,"[12, 1, 2, 3]","[16, 17, 18, 19, 20, 21, 22, 23, 0, 1, 2, 3, 4, 5, 6, 7, 8]",Fish
41,Dorado,"15,000",River,5,Ultra-rare,"[12, 1, 2, 3]","[4, 5, 6, 7, 8, 9, 10, 11, 12, 13, 14, 15, 16, 17, 18, 19, 20]",Fish
42,Gar,"6,000",Pond,6,Rare,"[12, 1, 2, 3]","[16, 17, 18, 19, 20, 21, 22, 23, 0, 1, 2, 3, 4, 5, 6, 7, 8]",Fish
43,Arapaima,"10,000",River,6,Rare,"[12, 1, 2, 3]","[16, 17, 18, 19, 20, 21, 22, 23, 0, 1, 2, 3, 4, 5, 6, 7, 8]",Fish
44,Saddled bichir,"4,000",River,4,Uncommon,"[12, 1, 2, 3]","[21, 22, 23, 0, 1, 2, 3]",Fish
45,Sturgeon,"10,000",River (Mouth),6,Uncommon,"[3, 4, 5, 6, 7, 8, 9]","[0, 1, 2, 3, 4, 5, 6, 7, 8, 9, 10, 11, 12, 13, 14, 15, 16, 17, 18, 19, 20, 21, 22, 23]",Fish
46,Sea butterfly,1000,Sea,1,Common,"[6, 7, 8, 9]","[0, 1, 2, 3, 4, 5, 6, 7, 8, 9, 10, 11, 12, 13, 14, 15, 16, 17, 18, 19, 20, 21, 22, 23]",Fish
47,Sea horse,"1,100",Sea,1,Common,"[10, 11, 12, 1, 2, 3, 4, 5]","[0, 1, 2, 3, 4, 5, 6, 7, 8, 9, 10, 11, 12, 13, 14, 15, 16, 17, 18, 19, 20, 21, 22, 23]",Fish
48,Clown fish,650,Sea,1,None,None,None,Fish
49,Surgeonfish,"1,000",Sea,2,Common,"[10, 11, 12, 1, 2, 3]","[0, 1, 2, 3, 4, 5, 6, 7, 8, 9, 10, 11, 12, 13, 14, 15, 16, 17, 18, 19, 20, 21, 22, 23]",Fish
50,Butterfly fish,"1,000",Sea,2,Common,"[10, 11, 12, 1, 2, 3]","[0, 1, 2, 3, 4, 5, 6, 7, 8, 9, 10, 11, 12, 13, 14, 15, 16, 17, 18, 19, 20, 21, 22, 23]",Fish
51,Napoleonfish,"10,000",Sea,6,Rare,"[1, 2]","[4, 5, 6, 7, 8, 9, 10, 11, 12, 13, 14, 15, 16, 17, 18, 19, 20]",Fish
52,Zebra turkeyfish,500,Sea,3,Common,"[10, 11, 12, 1, 2, 3, 4, 5]","[0, 1, 2, 3, 4, 5, 6, 7, 8, 9, 10, 11, 12, 13, 14, 15, 16, 17, 18, 19, 20, 21, 22, 23]",Fish
53,Blowfish,"5,000",Sea,3,Uncommon,"[5, 6, 7, 8]","[21, 22, 23, 0, 1, 2, 3]",Fish
54,Puffer fish,250,Sea,3,Common,"[1, 2, 3]","[0, 1, 2, 3, 4, 5, 6, 7, 8, 9, 10, 11, 12, 13, 14, 15, 16, 17, 18, 19, 20, 21, 22, 23]",Fish
55,Anchovy,200,Sea,2,Common,"[1, 2, 3, 4, 5, 6, 7, 8, 9, 10, 11, 12]","[4, 5, 6, 7, 8, 9, 10, 11, 12, 13, 14, 15, 16, 17, 18, 19, 20]",Fish
56,Horse mackerel,150,Sea,2,Common,"[1, 2, 3, 4, 5, 6, 7, 8, 9, 10, 11, 12]","[0, 1, 2, 3, 4, 5, 6, 7, 8, 9, 10, 11, 12, 13, 14, 15, 16, 17, 18, 19, 20, 21, 22, 23]",Fish
57,Barred knifejaw,"5,000",Sea,3,Uncommon,"[9, 10, 11, 12, 1, 2, 3, 4, 5]","[0, 1, 2, 3, 4, 5, 6, 7, 8, 9, 10, 11, 12, 13, 14, 15, 16, 17, 18, 19, 20, 21, 22, 23]",Fish
58,Sea bass,400,Sea,5,Common,"[1, 2, 3, 4, 5, 6, 7, 8, 9, 10, 11, 12]","[0, 1, 2, 3, 4, 5, 6, 7, 8, 9, 10, 11, 12, 13, 14, 15, 16, 17, 18, 19, 20, 21, 22, 23]",Fish
59,Red snapper,"3,000",Sea,4,Common,"[1, 2, 3, 4, 5, 6, 7, 8, 9, 10, 11, 12]","[0, 1, 2, 3, 4, 5, 6, 7, 8, 9, 10, 11, 12, 13, 14, 15, 16, 17, 18, 19, 20, 21, 22, 23]",Fish
60,Dab,300,Sea,3,Common,"[4, 5, 6, 7, 8, 9, 10]","[0, 1, 2, 3, 4, 5, 6, 7, 8, 9, 10, 11, 12, 13, 14, 15, 16, 17, 18, 19, 20, 21, 22, 23]",Fish
61,Olive flounder,800,Sea,5,Common,"[1, 2, 3, 4, 5, 6, 7, 8, 9, 10, 11, 12]","[0, 1, 2, 3, 4, 5, 6, 7, 8, 9, 10, 11, 12, 13, 14, 15, 16, 17, 18, 19, 20, 21, 22, 23]",Fish
62,Squid,500,Sea,3,Common,"[6, 7, 8, 9, 10, 11, 12, 1, 2]","[0, 1, 2, 3, 4, 5, 6, 7, 8, 9, 10, 11, 12, 13, 14, 15, 16, 17, 18, 19, 20, 21, 22, 23]",Fish
63,Moray eel,"2,000",Sea,8,Uncommon,"[2, 3, 4]","[0, 1, 2, 3, 4, 5, 6, 7, 8, 9, 10, 11, 12, 13, 14, 15, 16, 17, 18, 19, 20, 21, 22, 23]",Fish
64,Ribbon eel,600,Sea,8,Common,"[12, 1, 2, 3, 4]","[0, 1, 2, 3, 4, 5, 6, 7, 8, 9, 10, 11, 12, 13, 14, 15, 16, 17, 18, 19, 20, 21, 22, 23]",Fish
65,Tuna,"7,000",Pier,6,Rare,"[5, 6, 7, 8, 9, 10]","[0, 1, 2, 3, 4, 5, 6, 7, 8, 9, 10, 11, 12, 13, 14, 15, 16, 17, 18, 19, 20, 21, 22, 23]",Fish
66,Blue marlin,"10,000",Pier,6,Rare,"[5, 6, 7, 8, 9, 10, 1, 2, 3]","[0, 1, 2, 3, 4, 5, 6, 7, 8, 9, 10, 11, 12, 13, 14, 15, 16, 17, 18, 19, 20, 21, 22, 23]",Fish
67,Giant trevally,"4,500",Pier,5,Uncommon,"[11, 12, 1, 2, 3, 4]","[0, 1, 2, 3, 4, 5, 6, 7, 8, 9, 10, 11, 12, 13, 14, 15, 16, 17, 18, 19, 20, 21, 22, 23]",Fish
68,Mahi-mahi,"6,000",Pier,5,Rare,"[11, 12, 1, 2, 3, 4]","[0, 1, 2, 3, 4, 5, 6, 7, 8, 9, 10, 11, 12, 13, 14, 15, 16, 17, 18, 19, 20, 21, 22, 23]",Fish
69,Ocean sunfish,"4,000",Sea,7,Uncommon,"[1, 2, 3]","[4, 5, 6, 7, 8, 9, 10, 11, 12, 13, 14, 15, 16, 17, 18, 19, 20]",Fish
70,Ray,"3,000",Sea,5,Uncommon,"[2, 3, 4, 5]","[4, 5, 6, 7, 8, 9, 10, 11, 12, 13, 14, 15, 16, 17, 18, 19, 20]",Fish
71,Saw shark,"12,000",Sea,7,Rare,"[12, 1, 2, 3]","[16, 17, 18, 19, 20, 21, 22, 23, 0, 1, 2, 3, 4, 5, 6, 7, 8]",Fish
72,Hammerhead shark,"8,000",Sea,7,Uncommon,"[12, 1, 2, 3]","[16, 17, 18, 19, 20, 21, 22, 23, 0, 1, 2, 3, 4, 5, 6, 7, 8]",Fish
73,Great white shark,"15,000",Sea,7,Rare,"[12, 1, 2, 3]","[16, 17, 18, 19, 20, 21, 22, 23, 0, 1, 2, 3, 4, 5, 6, 7, 8]",Fish
74,Whale shark,"13,000",Sea,7,Rare,"[12, 1, 2, 3]","[0, 1, 2, 3, 4, 5, 6, 7, 8, 9, 10, 11, 12, 13, 14, 15, 16, 17, 18, 19, 20, 21, 22, 23]",Fish
75,Suckerfish,"1,500",Sea,7,Uncommon,"[12, 1, 2, 3]","[0, 1, 2, 3, 4, 5, 6, 7, 8, 9, 10, 11, 12, 13, 14, 15, 16, 17, 18, 19, 20, 21, 22, 23]",Fish
76,Football fish,"2,500",Sea,4,Uncommon,"[5, 6, 7, 8, 9]","[16, 17, 18, 19, 20, 21, 22, 23, 0, 1, 2, 3, 4, 5, 6, 7, 8]",Fish
77,Oarfish,"9,000",Sea,6,Rare,"[6, 7, 8, 9, 10, 11]","[0, 1, 2, 3, 4, 5, 6, 7, 8, 9, 10, 11, 12, 13, 14, 15, 16, 17, 18, 19, 20, 21, 22, 23]",Fish
78,Barreleye,"15,000",Sea,2,Ultra-rare,"[1, 2, 3, 4, 5, 6, 7, 8, 9, 10, 11, 12]","[21, 22, 23, 0, 1, 2, 3]",Fish
79,Coelacanth,"15,000",Sea (Rain),6,Ultra-rare,"[1, 2, 3, 4, 5, 6, 7, 8, 9, 10, 11, 12]","[0, 1, 2, 3, 4, 5, 6, 7, 8, 9, 10, 11, 12, 13, 14, 15, 16, 17, 18, 19, 20, 21, 22, 23]",Fish
80,Common butterfly,160,Flying,,Common,"[3, 4, 5, 6, 7, 8, 9, 10, 11, 12]","[4, 5, 6, 7, 8, 9, 10, 11, 12, 13, 14, 15, 16, 17, 18]",Bug
81,Yellow butterfly,160,Flying,,Common,"[9, 10, 11, 12, 3, 4]","[4, 5, 6, 7, 8, 9, 10, 11, 12, 13, 14, 15, 16, 17, 18]",Bug
82,Tiger butterfly,240,Flying,,Common,"[9, 10, 11, 12, 1, 2, 3]","[4, 5, 6, 7, 8, 9, 10, 11, 12, 13, 14, 15, 16, 17, 18]",Bug
83,Peacock butterfly,"2,500",Flying by hybrid flowers,,Uncommon,"[9, 10, 11, 12]","[4, 5, 6, 7, 8, 9, 10, 11, 12, 13, 14, 15, 16, 17, 18]",Bug
84,Common bluebottle,300,Flying,,Common,"[9, 10, 11, 12, 1, 2]","[4, 5, 6, 7, 8, 9, 10, 11, 12, 13, 14, 15, 16, 17, 18]",Bug
85,Paper kite butterfly,"1,000",Flying,,Common,"[1, 2, 3, 4, 5, 6, 7, 8, 9, 10, 11, 12]","[8, 9, 10, 11, 12, 13, 14, 15, 16, 17, 18]",Bug
86,Great purple emperor,"3,000",Flying,,Rare,"[11, 12, 1, 2]","[4, 5, 6, 7, 8, 9, 10, 11, 12, 13, 14, 15, 16, 17, 18]",Bug
87,Monarch butterfly,140,Flying,,Common,"[3, 4, 5]","[4, 5, 6, 7, 8, 9, 10, 11, 12, 13, 14, 15, 16]",Bug
88,Emperor butterfly,"4,000",Flying,,Uncommon,"[6, 7, 8, 9, 12, 1, 2, 3]","[17, 18, 19, 20, 21, 22, 23, 0, 1, 2, 3, 4, 5, 6, 7]",Bug
89,Agrias butterfly,"3,000",Flying,,Uncommon,"[10, 11, 12, 1, 2, 3]","[8, 9, 10, 11, 12, 13, 14, 15, 16]",Bug
90,Rajah Brooke's birdwing,"2,500",Flying,,None,None,None,Bug
91,Queen Alexandra's birdwing,"4,000",Flying,,None,None,None,Bug
92,Moth,130,Flying near light sources,,Common,"[1, 2, 3, 4, 5, 6, 7, 8, 9, 10, 11, 12]","[19, 20, 21, 22, 23, 0, 1, 2, 3]",Bug
93,Atlas moth,"3,000",On trees,,Uncommon,"[10, 11, 12, 1, 2, 3]","[19, 20, 21, 22, 23, 0, 1, 2, 3]",Bug
94,Madagascan sunset moth,"2,500",Flying,,Uncommon,"[10, 11, 12, 1, 2, 3]","[8, 9, 10, 11, 12, 13, 14, 15]",Bug
95,Long locust,200,On the ground,,Common,"[10, 11, 12, 1, 2, 3, 4, 5]","[8, 9, 10, 11, 12, 13, 14, 15, 16, 17, 18]",Bug
96,Migratory locust,600,On the ground,,Uncommon,"[2, 3, 4, 5]","[8, 9, 10, 11, 12, 13, 14, 15, 16, 17, 18]",Bug
97,Rice grasshopper,160,On the ground,,Common,"[2, 3, 4, 5]","[8, 9, 10, 11, 12, 13, 14, 15, 16, 17, 18]",Bug
98,Grasshopper,160,On the ground,,Common,"[1, 2, 3]","[8, 9, 10, 11, 12, 13, 14, 15, 16]",Bug
99,Cricket,130,On the ground,,Common,"[3, 4, 5]","[17, 18, 19, 20, 21, 22, 23, 0, 1, 2, 3, 4, 5, 6, 7]",Bug
100,Bell cricket,430,On the ground,,Common,"[3, 4]","[17, 18, 19, 20, 21, 22, 23, 0, 1, 2, 3, 4, 5, 6, 7]",Bug
101,Mantis,430,On flowers,,Common,"[9, 10, 11, 12, 1, 2, 3, 4, 5]","[8, 9, 10, 11, 12, 13, 14, 15, 16]",Bug
102,Orchid mantis,"2,400",On white flowers,,Uncommon,"[9, 10, 11, 12, 1, 2, 3, 4, 5]","[8, 9, 10, 11, 12, 13, 14, 15, 16]",Bug
103,Honeybee,200,Flying,,Common,"[9, 10, 11, 12, 1]","[8, 9, 10, 11, 12, 13, 14, 15, 16]",Bug
104,Wasp,"2,500",Shaking trees,,Common,"[1, 2, 3, 4, 5, 6, 7, 8, 9, 10, 11, 12]","[0, 1, 2, 3, 4, 5, 6, 7, 8, 9, 10, 11, 12, 13, 14, 15, 16, 17, 18, 19, 20, 21, 22, 23]",Bug
105,Brown cicada,250,On trees,,Common,"[1, 2]","[8, 9, 10, 11, 12, 13, 14, 15, 16]",Bug
106,Robust cicada,300,On trees,,Common,"[1, 2]","[8, 9, 10, 11, 12, 13, 14, 15, 16]",Bug
107,Giant cicada,500,On trees,,Uncommon,"[1, 2]","[8, 9, 10, 11, 12, 13, 14, 15, 16]",Bug
108,Walker cicada,400,On trees,,Common,"[2, 3]","[8, 9, 10, 11, 12, 13, 14, 15, 16]",Bug
109,Evening cicada,550,On trees,,Common,"[1, 2]","[4, 5, 6, 7, 16, 17, 18]",Bug
110,Cicada shell,10,On trees,,Rare,"[1, 2]","[0, 1, 2, 3, 4, 5, 6, 7, 8, 9, 10, 11, 12, 13, 14, 15, 16, 17, 18, 19, 20, 21, 22, 23]",Bug
111,Red dragonfly,180,Flying,,Common,"[3, 4]","[8, 9, 10, 11, 12, 13, 14, 15, 16, 17, 18]",Bug
112,Darner dragonfly,230,Flying,,Common,"[10, 11, 12, 1, 2, 3, 4]","[8, 9, 10, 11, 12, 13, 14, 15, 16]",Bug
113,Banded dragonfly,"4,500",Flying,,Rare,"[11, 12, 1, 2, 3, 4]","[8, 9, 10, 11, 12, 13, 14, 15, 16]",Bug
114,Damselfly,500,Flying,,Common,"[5, 6, 7, 8]","[0, 1, 2, 3, 4, 5, 6, 7, 8, 9, 10, 11, 12, 13, 14, 15, 16, 17, 18, 19, 20, 21, 22, 23]",Bug
115,Firefly,300,Flying,,Common,[12],"[19, 20, 21, 22, 23, 0, 1, 2, 3]",Bug
116,Mole cricket,500,Underground,,Common,"[5, 6, 7, 8, 9, 10, 11]","[0, 1, 2, 3, 4, 5, 6, 7, 8, 9, 10, 11, 12, 13, 14, 15, 16, 17, 18, 19, 20, 21, 22, 23]",Bug
117,Pondskater,130,On fresh water,,Common,"[11, 12, 1, 2, 3]","[8, 9, 10, 11, 12, 13, 14, 15, 16, 17, 18]",Bug
118,Diving beetle,800,On fresh water,,Common,"[11, 12, 1, 2, 3]","[8, 9, 10, 11, 12, 13, 14, 15, 16, 17, 18]",Bug
119,Giant water bug,"2,000",On fresh water,,Rare,"[10, 11, 12, 1, 2, 3]","[19, 20, 21, 22, 23, 0, 1, 2, 3, 4, 5, 6, 7]",Bug
120,Stinkbug,120,On flowers,,Common,"[9, 10, 11, 12, 1, 2, 3, 4]","[0, 1, 2, 3, 4, 5, 6, 7, 8, 9, 10, 11, 12, 13, 14, 15, 16, 17, 18, 19, 20, 21, 22, 23]",Bug
121,Man-faced stink bug,"1,000",On flowers,,Uncommon,"[9, 10, 11, 12, 1, 2, 3, 4]","[19, 20, 21, 22, 23, 0, 1, 2, 3, 4, 5, 6, 7]",Bug
122,Ladybug,200,On flowers,,Common,"[4, 9, 10, 11, 12]","[8, 9, 10, 11, 12, 13, 14, 15, 16]",Bug
123,Tiger beetle,"1,500",On the ground,,Uncommon,"[8, 9, 10, 11, 12, 1, 2, 3, 4]","[0, 1, 2, 3, 4, 5, 6, 7, 8, 9, 10, 11, 12, 13, 14, 15, 16, 17, 18, 19, 20, 21, 22, 23]",Bug
124,Jewel beetle,"2,400",On tree stumps,,Uncommon,"[11, 12, 1, 2]","[0, 1, 2, 3, 4, 5, 6, 7, 8, 9, 10, 11, 12, 13, 14, 15, 16, 17, 18, 19, 20, 21, 22, 23]",Bug
125,Violin beetle,450,On tree stumps,,Common,"[3, 4, 5, 11, 12]","[0, 1, 2, 3, 4, 5, 6, 7, 8, 9, 10, 11, 12, 13, 14, 15, 16, 17, 18, 19, 20, 21, 22, 23]",Bug
126,Citrus long-horned beetle,350,On tree stumps,,Common,"[1, 2, 3, 4, 5, 6, 7, 8, 9, 10, 11, 12]","[0, 1, 2, 3, 4, 5, 6, 7, 8, 9, 10, 11, 12, 13, 14, 15, 16, 17, 18, 19, 20, 21, 22, 23]",Bug
127,Rosalia batesi beetle,"3,000",On tree stumps,,Uncommon,"[11, 12, 1, 2, 3]","[0, 1, 2, 3, 4, 5, 6, 7, 8, 9, 10, 11, 12, 13, 14, 15, 16, 17, 18, 19, 20, 21, 22, 23]",Bug
128,Blue weevil beetle,800,On palm trees,,Common,"[1, 2]","[0, 1, 2, 3, 4, 5, 6, 7, 8, 9, 10, 11, 12, 13, 14, 15, 16, 17, 18, 19, 20, 21, 22, 23]",Bug
129,Dung beetle,"3,000",Rolling snowballs along the ground,,Common,"[6, 7, 8]","[0, 1, 2, 3, 4, 5, 6, 7, 8, 9, 10, 11, 12, 13, 14, 15, 16, 17, 18, 19, 20, 21, 22, 23]",Bug
130,Earth-boring dung beetle,300,On the ground,,Common,"[1, 2, 3]","[0, 1, 2, 3, 4, 5, 6, 7, 8, 9, 10, 11, 12, 13, 14, 15, 16, 17, 18, 19, 20, 21, 22, 23]",Bug
131,Scarab beetle,"10,000",On trees,,Rare,"[1, 2]","[23, 0, 1, 2, 3, 4, 5, 6, 7]",Bug
132,Drone beetle,200,On trees,,Common,"[12, 1, 2]","[0, 1, 2, 3, 4, 5, 6, 7, 8, 9, 10, 11, 12, 13, 14, 15, 16, 17, 18, 19, 20, 21, 22, 23]",Bug
133,Goliath beetle,"8,000",On palm trees,,Ultra-rare,"[12, 1, 2, 3]","[0, 1, 2, 3, 4, 5, 6, 7, 17, 18, 19, 20, 21, 22, 23]",Bug
134,Saw stag,"2,000",On trees,,Common,"[1, 2]","[0, 1, 2, 3, 4, 5, 6, 7, 8, 9, 10, 11, 12, 13, 14, 15, 16, 17, 18, 19, 20, 21, 22, 23]",Bug
135,Miyama stag,"1,000",On trees,,Common,"[1, 2]","[0, 1, 2, 3, 4, 5, 6, 7, 8, 9, 10, 11, 12, 13, 14, 15, 16, 17, 18, 19, 20, 21, 22, 23]",Bug
136,Giant stag,"10,000",On trees,,Rare,"[1, 2]","[23, 0, 1, 2, 3, 4, 5, 6, 7]",Bug
137,Rainbow stag,"6,000",On trees,,Rare,"[12, 1, 2, 3]","[19, 20, 21, 22, 23, 0, 1, 2, 3, 4, 5, 6, 7]",Bug
138,Cyclommatus stag,"8,000",On palm trees,,Ultra-rare,"[1, 2]","[17, 18, 19, 20, 21, 22, 23, 0, 1, 2, 3, 4, 5, 6, 7]",Bug
139,Golden stag,"12,000",On palm trees,,Ultra-rare,"[1, 2]","[17, 18, 19, 20, 21, 22, 23, 0, 1, 2, 3, 4, 5, 6, 7]",Bug
140,Giraffe stag,"12,000",On palm trees,,Ultra-rare,"[1, 2]","[17, 18, 19, 20, 21, 22, 23, 0, 1, 2, 3, 4, 5, 6, 7]",Bug
141,Horned dynastid,1350,On palm trees,,Common,"[1, 2]","[17, 18, 19, 20, 21, 22, 23, 0, 1, 2, 3, 4, 5, 6, 7]",Bug
142,Horned atlas,"8,000",On palm trees,,Ultra-rare,"[1, 2]","[17, 18, 19, 20, 21, 22, 23, 0, 1, 2, 3, 4, 5, 6, 7]",Bug
143,Horned elephant,"8,000",On palm trees,,Ultra-rare,"[1, 2]","[17, 18, 19, 20, 21, 22, 23, 0, 1, 2, 3, 4, 5, 6, 7]",Bug
144,Horned hercules,"12,000",On palm trees,,Ultra-rare,"[1, 2]","[17, 18, 19, 20, 21, 22, 23, 0, 1, 2, 3, 4, 5, 6, 7]",Bug
145,Walking stick,600,On trees,,Uncommon,"[1, 2, 3, 4, 5]","[4, 5, 6, 7, 17, 18]",Bug
146,Walking leaf,600,Disguised as leaves,,Uncommon,"[1, 2, 3]","[0, 1, 2, 3, 4, 5, 6, 7, 8, 9, 10, 11, 12, 13, 14, 15, 16, 17, 18, 19, 20, 21, 22, 23]",Bug
147,Bagworm,600,Shaking trees,,Common,"[1, 2, 3, 4, 5, 6, 7, 8, 9, 10, 11, 12]","[0, 1, 2, 3, 4, 5, 6, 7, 8, 9, 10, 11, 12, 13, 14, 15, 16, 17, 18, 19, 20, 21, 22, 23]",Bug
148,Ant,80,On rotten food,,Common,"[1, 2, 3, 4, 5, 6, 7, 8, 9, 10, 11, 12]","[0, 1, 2, 3, 4, 5, 6, 7, 8, 9, 10, 11, 12, 13, 14, 15, 16, 17, 18, 19, 20, 21, 22, 23]",Bug
149,Hermit crab,"1,000",Disguised as shells,,Common,"[1, 2, 3, 4, 5, 6, 7, 8, 9, 10, 11, 12]","[19, 20, 21, 22, 23, 0, 1, 2, 3, 4, 5, 6, 7]",Bug
150,Wharf roach,200,On rocks at the beach,,Common,"[1, 2, 3, 4, 5, 6, 7, 8, 9, 10, 11, 12]","[0, 1, 2, 3, 4, 5, 6, 7, 8, 9, 10, 11, 12, 13, 14, 15, 16, 17, 18, 19, 20, 21, 22, 23]",Bug
151,Fly,60,On trash,,Common,"[1, 2, 3, 4, 5, 6, 7, 8, 9, 10, 11, 12]","[0, 1, 2, 3, 4, 5, 6, 7, 8, 9, 10, 11, 12, 13, 14, 15, 16, 17, 18, 19, 20, 21, 22, 23]",Bug
152,Mosquito,130,Flying,,Common,"[12, 1, 2, 3]","[17, 18, 19, 20, 21, 22, 23, 0, 1, 2, 3]",Bug
153,Flea,70,On villagers,,Common,"[10, 11, 12, 1, 2, 3, 4, 5]","[0, 1, 2, 3, 4, 5, 6, 7, 8, 9, 10, 11, 12, 13, 14, 15, 16, 17, 18, 19, 20, 21, 22, 23]",Bug
154,Snail,250,On rocks and bushes (Rain),,Common,"[1, 2, 3, 4, 5, 6, 7, 8, 9, 10, 11, 12]","[0, 1, 2, 3, 4, 5, 6, 7, 8, 9, 10, 11, 12, 13, 14, 15, 16, 17, 18, 19, 20, 21, 22, 23]",Bug
155,Pill bug,250,Hitting rocks,,Common,"[3, 4, 5, 6, 7, 8, 9, 10, 11, 12]","[23, 0, 1, 2, 3, 4, 5, 6, 7, 8, 9, 10, 11, 12, 13, 14, 15]",Bug
156,Centipede,300,Hitting rocks,,Common,"[3, 4, 5, 6, 7, 8, 9, 10, 11, 12]","[16, 17, 18, 19, 20, 21, 22]",Bug
157,Spider,480,Shaking trees,,Common,"[1, 2, 3, 4, 5, 6, 7, 8, 9, 10, 11, 12]","[19, 20, 21, 22, 23, 0, 1, 2, 3, 4, 5, 6, 7]",Bug
158,Tarantula,"8,000",On the ground,,Common,"[5, 6, 7, 8, 9, 10]","[19, 20, 21, 22, 23, 0, 1, 2, 3]",Bug
159,Scorpion,"8,000",On the ground,,Common,"[11, 12, 1, 2, 3, 4]","[19, 20, 21, 22, 23, 0, 1, 2, 3]",Bug
